INSERT INTO `infos_bancaires` VALUES (1,'999','2017-10-24 22:00:00',NULL,NULL);
INSERT INTO `infos_bancaires` VALUES (2,'999','2017-09-11 22:00:00',NULL,NULL);
INSERT INTO `infos_bancaires` VALUES (3,'999','2017-10-14 22:00:00',NULL,NULL);
INSERT INTO `infos_bancaires` VALUES (4,'999','2017-02-21 23:00:00',NULL,NULL);
INSERT INTO `infos_bancaires` VALUES (5,'999','2018-02-21 23:00:00',NULL,NULL);
INSERT INTO `infos_bancaires` VALUES (6,'999','2017-02-09 23:00:00',NULL,NULL);
INSERT INTO `infos_bancaires` VALUES (7,'999','2017-02-02 23:00:00',NULL,NULL);
INSERT INTO `infos_bancaires` VALUES (8,'999','2017-11-14 23:00:00',NULL,NULL);
INSERT INTO `commande` VALUES (1,'2018-05-16',471.79999999999995,2,1);
INSERT INTO `commande` VALUES (2,'2018-08-04',2279.78,2,2);
INSERT INTO `commande` VALUES (3,'2018-10-25',342.75,3,3);
INSERT INTO `commande` VALUES (4,'2018-02-05',206.85000000000002,3,4);
INSERT INTO `commande` VALUES (5,'2017-12-02',410.8,4,5);
INSERT INTO `commande` VALUES (6,'2018-06-05',439.79,4,6);
INSERT INTO `commande` VALUES (7,'2017-06-06',3999.8700000000003,5,7);
INSERT INTO `commande` VALUES (8,'2017-12-10',2809.9399999999996,5,8);
INSERT INTO `ligne_commande` (`id`,`quantite`,`commande_id`,`ref_produit`) VALUES (1,1,1,411);
INSERT INTO `ligne_commande` (`id`,`quantite`,`commande_id`,`ref_produit`) VALUES (2,1,1,1202);
INSERT INTO `ligne_commande` (`id`,`quantite`,`commande_id`,`ref_produit`) VALUES (3,2,1,1113);
INSERT INTO `ligne_commande` (`id`,`quantite`,`commande_id`,`ref_produit`) VALUES (4,1,2,709);
INSERT INTO `ligne_commande` (`id`,`quantite`,`commande_id`,`ref_produit`) VALUES (5,3,2,12);
INSERT INTO `ligne_commande` (`id`,`quantite`,`commande_id`,`ref_produit`) VALUES (6,1,2,606);
INSERT INTO `ligne_commande` (`id`,`quantite`,`commande_id`,`ref_produit`) VALUES (7,3,3,1304);
INSERT INTO `ligne_commande` (`id`,`quantite`,`commande_id`,`ref_produit`) VALUES (8,1,3,1404);
INSERT INTO `ligne_commande` (`id`,`quantite`,`commande_id`,`ref_produit`) VALUES (9,1,3,1202);
INSERT INTO `ligne_commande` (`id`,`quantite`,`commande_id`,`ref_produit`) VALUES (10,3,4,1407);
INSERT INTO `ligne_commande` (`id`,`quantite`,`commande_id`,`ref_produit`) VALUES (11,1,5,1212);
INSERT INTO `ligne_commande` (`id`,`quantite`,`commande_id`,`ref_produit`) VALUES (12,3,5,1309);
INSERT INTO `ligne_commande` (`id`,`quantite`,`commande_id`,`ref_produit`) VALUES (13,3,6,517);
INSERT INTO `ligne_commande` (`id`,`quantite`,`commande_id`,`ref_produit`) VALUES (14,1,6,606);
INSERT INTO `ligne_commande` (`id`,`quantite`,`commande_id`,`ref_produit`) VALUES (15,3,7,710);
INSERT INTO `ligne_commande` (`id`,`quantite`,`commande_id`,`ref_produit`) VALUES (16,2,7,1214);
INSERT INTO `ligne_commande` (`id`,`quantite`,`commande_id`,`ref_produit`) VALUES (17,2,8,711);
INSERT INTO `ligne_commande` (`id`,`quantite`,`commande_id`,`ref_produit`) VALUES (18,3,8,1306);
INSERT INTO `ligne_commande` (`id`,`quantite`,`commande_id`,`ref_produit`) VALUES (19,1,8,701);